<?xml version="1.0" encoding="UTF-8" standalone="no"?>
 
<?xml-stylesheet type="text/xsl" href="radio.xsl"?>
<!--

-->
<radios xmlns:xsi="http://www.w3.org/2001/XMLSchema-instance" 
		  xsi:noNamespaceSchemaLocation="Radio.xsd">
		  
   <radio>
	  <callSign>WEKF</callSign>
      <frequency>88.5 FM</frequency>
      <city>Corbin</city>
      <state>KY</state>
      <school>Eastern Kentucky University</school>
      <format>Public Radio</format>
   </radio>
   
   <radio>
	  <callSign>WEKH</callSign>
      <frequency>90.9 FM</frequency>
      <city>Hazard</city>
      <state>KY</state>
      <school>Eastern Kentucky University</school>
      <format>Public Radio</format>
   </radio>
   
   <radio>
	  <callSign>WEKP</callSign>
      <frequency>90.1 FM</frequency>
      <city>Pineville</city>
      <state>KY</state>
      <school>Eastern Kentucky University</school>
      <format>Public Radio</format>
   </radio>
   
   <radio>
      <callSign>WEKU</callSign>
      <frequency>88.9 FM</frequency>
      <city>Richmond</city>
      <state>KY</state>
      <school>Eastern Kentucky University</school>
      <format>Public Radio</format>
   </radio>

</radios>