Taylor Swift,Shake It Off,3:39
Meghan Trainor,All About That Bass,3:07
Maroon 5,Animals,3:51
Tove Lo,Habits (Stay High),3:28
Jessie J,Bang Bang,3:19
Bobby Shmurda,Hot Boy,3:18
Ariana Grande,Love Me Harder,3:56
Hozier,Take Me To Church,4:02
Iggy Azalea,Black Widow,3:23
Jeremih,Don't Tell 'Em,4:29
Taylor Swift,Blank Space,3:51
Carrie Underwood,Something In The Water,3:56
Ariana Grande,Break Free,3:34
One Direction,Steal My Girl,3:48
Nicki Minaj,Anaconda,3:51
Jason Aldean,Burnin' It Down,3:39
Pharrell Williams,Happy,3:53
Meghan Trainor,Lips Are Movin,3:01
Sam Smith,Stay With Me,2:52
ABBA,Dancing Queen,3:50
B-52s,Love Shack,5:21
Van Morrison,Brown Eyed Girl,3:03
Outkast,Hey Ya!,3:55
Lynyrd Skynyrd,Sweet Home Alabama,4:45
Def Leppard,Pour Some Sugar On Me,4:25
Black Eyed Peas,Let's Get It Started,3:39
Sister Sledge,We Are Family,8:24
Kool & The Gang,Celebration,3:39
Sir Mix-A-Lot,Baby Got Back,4:22
Village People,Y.M.C.A.,4:47
Neil Diamond,Sweet Caroline,3:21
Beatles,Twist And Shout,2:32
Black Eyed Peas,My Humps,4:11
Wild Cherry,Play That Funky Music,5:00
Louis Armstrong,What A Wonderful World,2:21
Black Eyed Peas,I Gotta Feeling,4:50
AC/DC,You Shook Me All Night Long,3:32
Prince,1999,6:22
Prince,Little Red Corvette,5:03
Prince,Delirious,4:00
Prince,Let's Pretend We're Married,7:21
Prince,When Doves Cry,5:52
Prince,Purple Rain,4:02
Prince,Let's Go Crazy,4:39
Prince,Darling Nikki,4:14
Prince,I Would Die 4 U,2:49
KC & The Sunshine Band,Get Down Tonight,3:20
Salt-N-Pepa,Push It,4:30
Rick Springfield,Jessie's Girl,3:14
Billy Idol,Mony Mony,2:45
Tone Loc,Wild Thing,4:23
Digital Underground,The Humpty Dance,6:30
Vanilla Ice,Ice Ice Baby,4:32
Michael Jackson,Thriller,5:57
Journey,Don't Stop Believing,4:11
Maroon 5,Moves Like Jagger,3:21
California Swag District,Teach Me How To Dougie,3:59
F.U.N.,Carry On,4:17
Rascal Flatts,What Hurts the Most,5:25
Busta Rymes,Touch It,5:46
Temptations,My Girl,4:35
T.I.,What you know?,4:30
Led Zeppelin,Stairway to Heaven,6:12
Carrie Underwood,Jesus Take the Wheel,3:45
Beach Boys,Surfin USA,3:56
Three 6 Mafia,Popping My Collar,3:32
Keyshia Cole,Love,5:09
Chubby Checker,The Twist,4:50
Police,Every Breath You Take,4:24
Trace Adkins,Honky Tonk Badonkadonk,3:57
Ray J,What I Need,3:32
Nickelback,Photograph,4:22
Jagged Edge,Good Luck Charm,3:58
Paul Wall,Girl,4:26
Bow Wow,Fresh Azimiz,4:27
Rascal Flatts,Bless the Broken Road,3:38
Keith Urban,Tonight I Wonna Cry,4:18
Pussycat Dolls,Don't Cha,4:37
Ray J,One Wish,4:01
Kelly Clarkson,Because of You,3:44
Gwen Stefani,Hollaback Girl,3:31
Michael Jackson,Thriller,4:22
Avril Laigne,My Happy Ending,4:01
Mariah Carey,Hero,4:24
Mariah Carey,Don't Forget About Us,3:54
Adele,Hello,4:55
Justin Bieber,Sorry,3:21
Drake,Hotline Bling,4:27
Justin Bieber,Love Yourself,3:53
Selena Gomez,Same Old Love,3:49
Alessia Cara,Here,3:19
The Weeknd,In The Night,3:55
The Weeknd,Can't Feel My Face,3:35
Taylor Swift,Wildest Dreams,3:40
Demi Lovato,Confident,3:25
Fetty Wap,Trap Queen,3:35
One Direction,Perfect,3:50
Twenty One Pilots,Stressed Out,3:22
Troye Sivan,Youth,3:05
Taylor Swift,New Romantics,3:50
